{"cameraMode":{"drawMode":0,"name":"Shaded","section":"Shading Mode"},"sceneLighting":false,"audioPlay":false,"sceneViewState":{"showFog":true,"showMaterialUpdate":false,"showSkybox":false,"showFlares":true,"showImageEffects":true,"showParticleSystems":true},"in2DMode":false,"pivot":{"x":-0.20012499392032624,"y":3.2291548252105715,"z":-16.273868560791017},"rotation":{"x":0.003823042381554842,"y":0.9911243319511414,"z":-0.13039210438728333,"w":0.028518805280327798},"size":0.28218528628349306,"orthographic":false}