{"cameraMode":{"drawMode":0,"name":"Shaded","section":"Shading Mode"},"sceneLighting":false,"audioPlay":false,"sceneViewState":{"showFog":true,"showMaterialUpdate":false,"showSkybox":false,"showFlares":true,"showImageEffects":true,"showParticleSystems":true},"in2DMode":false,"pivot":{"x":-8.7384614944458,"y":-2.2944889068603517,"z":-0.4933124780654907},"rotation":{"x":0.10231631994247437,"y":-0.6967236995697022,"z":0.10289877653121948,"w":0.7025299072265625},"size":14.109198570251465,"orthographic":false}