{"cameraMode":{"drawMode":0,"name":"Shaded","section":"Shading Mode"},"sceneLighting":true,"audioPlay":false,"sceneViewState":{"showFog":true,"showMaterialUpdate":false,"showSkybox":true,"showFlares":true,"showImageEffects":true,"showParticleSystems":true},"in2DMode":false,"pivot":{"x":4.759852886199951,"y":26.95180892944336,"z":15.206808090209961},"rotation":{"x":0.039142925292253497,"y":-0.958404004573822,"z":0.22571057081222535,"w":0.17057056725025178},"size":2.7937896251678469,"orthographic":false}