{"cameraMode":{"drawMode":0,"name":"Shaded","section":"Shading Mode"},"sceneLighting":false,"audioPlay":false,"sceneViewState":{"showFog":true,"showMaterialUpdate":false,"showSkybox":false,"showFlares":true,"showImageEffects":true,"showParticleSystems":true},"in2DMode":false,"pivot":{"x":-0.09741463512182236,"y":0.6546925902366638,"z":-25.7987117767334},"rotation":{"x":0.008604907430708409,"y":0.9877592325210571,"z":-0.1450510174036026,"w":0.05811264365911484},"size":9.787160873413086,"orthographic":false}